2.280000000000000000e+02,0.000000000000000000e+00,1.825000000000000000e+03
2.500000000000000000e+02,0.000000000000000000e+00,8.310000000000000000e+02
5.000000000000000000e+01,5.000000000000000000e-01,1.596000000000000000e+03
5.100000000000000000e+01,5.000000000000000000e-01,5.880000000000000000e+02
1.240000000000000000e+02,5.000000000000000000e-01,5.980000000000000000e+02
1.280000000000000000e+02,1.500000000000000000e+00,6.720000000000000000e+02
2.850000000000000000e+02,2.000000000000000000e+00,8.640000000000000000e+02
8.300000000000000000e+01,2.500000000000000000e+00,1.795000000000000000e+03
3.350000000000000000e+02,2.500000000000000000e+00,2.293000000000000000e+03
1.250000000000000000e+02,3.000000000000000000e+00,1.509000000000000000e+03
3.490000000000000000e+02,3.500000000000000000e+00,1.174400000000000000e+04
2.820000000000000000e+02,4.000000000000000000e+00,5.330000000000000000e+02
1.200000000000000000e+01,5.000000000000000000e+00,1.116500000000000000e+04
6.900000000000000000e+01,5.000000000000000000e+00,3.731000000000000000e+03
2.590000000000000000e+02,5.000000000000000000e+00,1.435000000000000000e+03
1.430000000000000000e+02,5.500000000000000000e+00,9.475000000000000000e+03
1.020000000000000000e+02,6.000000000000000000e+00,1.574000000000000000e+03
2.130000000000000000e+02,6.500000000000000000e+00,4.913000000000000000e+03
1.280000000000000000e+02,7.000000000000000000e+00,9.110000000000000000e+02
2.330000000000000000e+02,7.000000000000000000e+00,1.175000000000000000e+03
2.000000000000000000e+01,7.500000000000000000e+00,6.530000000000000000e+02
9.300000000000000000e+01,7.500000000000000000e+00,2.120000000000000000e+03
2.410000000000000000e+02,7.500000000000000000e+00,3.290000000000000000e+03
1.970000000000000000e+02,8.000000000000000000e+00,8.302000000000000000e+03
3.320000000000000000e+02,8.000000000000000000e+00,1.926000000000000000e+03
2.420000000000000000e+02,8.500000000000000000e+00,6.070000000000000000e+02
1.100000000000000000e+02,9.000000000000000000e+00,1.775000000000000000e+03
1.320000000000000000e+02,9.000000000000000000e+00,2.916000000000000000e+03
1.640000000000000000e+02,9.000000000000000000e+00,3.284000000000000000e+03
1.990000000000000000e+02,9.000000000000000000e+00,7.957000000000000000e+03
1.260000000000000000e+02,1.050000000000000000e+01,4.231000000000000000e+03
1.180000000000000000e+02,1.100000000000000000e+01,5.327000000000000000e+03
9.900000000000000000e+01,1.150000000000000000e+01,1.732000000000000000e+03
1.590000000000000000e+02,1.150000000000000000e+01,1.064500000000000000e+04
2.160000000000000000e+02,1.150000000000000000e+01,5.243000000000000000e+03
3.170000000000000000e+02,1.150000000000000000e+01,3.330000000000000000e+03
1.970000000000000000e+02,1.200000000000000000e+01,6.090000000000000000e+02
1.230000000000000000e+02,1.250000000000000000e+01,1.699000000000000000e+03
2.070000000000000000e+02,1.250000000000000000e+01,3.310000000000000000e+03
3.200000000000000000e+01,1.300000000000000000e+01,4.628000000000000000e+03
7.100000000000000000e+01,1.300000000000000000e+01,5.049000000000000000e+03
1.310000000000000000e+02,1.300000000000000000e+01,6.220000000000000000e+02
3.900000000000000000e+01,1.350000000000000000e+01,7.620000000000000000e+02
1.380000000000000000e+02,1.350000000000000000e+01,9.055000000000000000e+03
4.800000000000000000e+01,1.400000000000000000e+01,1.463000000000000000e+03
5.100000000000000000e+01,1.400000000000000000e+01,5.511000000000000000e+03
3.040000000000000000e+02,1.400000000000000000e+01,7.420000000000000000e+02
5.100000000000000000e+01,1.450000000000000000e+01,6.860000000000000000e+02
2.300000000000000000e+02,1.450000000000000000e+01,1.044000000000000000e+03
3.130000000000000000e+02,1.500000000000000000e+01,1.789000000000000000e+03
7.500000000000000000e+01,1.550000000000000000e+01,1.224000000000000000e+03
1.250000000000000000e+02,1.550000000000000000e+01,9.896000000000000000e+03
2.200000000000000000e+02,1.550000000000000000e+01,2.077000000000000000e+03
8.800000000000000000e+01,1.600000000000000000e+01,8.580000000000000000e+02
2.210000000000000000e+02,1.600000000000000000e+01,2.042000000000000000e+03
2.700000000000000000e+01,1.650000000000000000e+01,5.148000000000000000e+03
2.480000000000000000e+02,1.650000000000000000e+01,2.119000000000000000e+03
4.300000000000000000e+01,1.750000000000000000e+01,7.261000000000000000e+03
1.080000000000000000e+02,1.750000000000000000e+01,2.298000000000000000e+03
2.100000000000000000e+02,1.750000000000000000e+01,1.232000000000000000e+03
3.600000000000000000e+01,1.800000000000000000e+01,4.952000000000000000e+03
3.390000000000000000e+02,1.800000000000000000e+01,1.336100000000000000e+04
1.090000000000000000e+02,1.850000000000000000e+01,5.259000000000000000e+03
1.260000000000000000e+02,1.850000000000000000e+01,1.316000000000000000e+03
1.300000000000000000e+02,1.850000000000000000e+01,9.270000000000000000e+02
2.720000000000000000e+02,1.850000000000000000e+01,1.522000000000000000e+03
1.380000000000000000e+02,1.950000000000000000e+01,1.320000000000000000e+03
6.000000000000000000e+01,2.000000000000000000e+01,8.040000000000000000e+02
2.530000000000000000e+02,2.050000000000000000e+01,5.630000000000000000e+02
1.700000000000000000e+01,2.100000000000000000e+01,7.843000000000000000e+03
1.560000000000000000e+02,2.100000000000000000e+01,1.596000000000000000e+03
1.570000000000000000e+02,2.100000000000000000e+01,8.400000000000000000e+02
2.890000000000000000e+02,2.100000000000000000e+01,1.307000000000000000e+03
3.200000000000000000e+01,2.150000000000000000e+01,6.780000000000000000e+02
4.200000000000000000e+01,2.150000000000000000e+01,8.230000000000000000e+02
1.150000000000000000e+02,2.150000000000000000e+01,1.254000000000000000e+03
1.430000000000000000e+02,2.150000000000000000e+01,1.027000000000000000e+04
1.560000000000000000e+02,2.150000000000000000e+01,6.541000000000000000e+03
1.570000000000000000e+02,2.150000000000000000e+01,4.535000000000000000e+03
1.240000000000000000e+02,2.200000000000000000e+01,7.450000000000000000e+02
9.300000000000000000e+01,2.250000000000000000e+01,3.321000000000000000e+03
1.690000000000000000e+02,2.250000000000000000e+01,1.877000000000000000e+03
1.130000000000000000e+02,2.300000000000000000e+01,3.380000000000000000e+03
2.780000000000000000e+02,2.300000000000000000e+01,5.330000000000000000e+02
1.870000000000000000e+02,2.350000000000000000e+01,1.674000000000000000e+03
1.880000000000000000e+02,2.350000000000000000e+01,2.168000000000000000e+03
7.500000000000000000e+01,2.400000000000000000e+01,1.869000000000000000e+03
1.150000000000000000e+02,2.400000000000000000e+01,1.639000000000000000e+03
1.210000000000000000e+02,2.400000000000000000e+01,6.910000000000000000e+02
1.870000000000000000e+02,2.400000000000000000e+01,3.881000000000000000e+03
1.880000000000000000e+02,2.400000000000000000e+01,5.390000000000000000e+02
9.500000000000000000e+01,2.450000000000000000e+01,1.882000000000000000e+03
6.100000000000000000e+01,2.500000000000000000e+01,4.583000000000000000e+03
2.510000000000000000e+02,2.500000000000000000e+01,3.772000000000000000e+03
3.060000000000000000e+02,2.500000000000000000e+01,3.527000000000000000e+03
1.620000000000000000e+02,2.550000000000000000e+01,1.096000000000000000e+03
4.600000000000000000e+01,2.600000000000000000e+01,5.080000000000000000e+03
8.900000000000000000e+01,2.600000000000000000e+01,6.030000000000000000e+02
4.300000000000000000e+01,2.650000000000000000e+01,1.951000000000000000e+03
8.900000000000000000e+01,2.650000000000000000e+01,1.985000000000000000e+03
9.400000000000000000e+01,2.650000000000000000e+01,1.631000000000000000e+03
1.030000000000000000e+02,2.700000000000000000e+01,8.030000000000000000e+02
2.670000000000000000e+02,2.700000000000000000e+01,5.050000000000000000e+02
1.470000000000000000e+02,2.750000000000000000e+01,4.306000000000000000e+03
1.470000000000000000e+02,2.800000000000000000e+01,9.140000000000000000e+02
1.510000000000000000e+02,2.850000000000000000e+01,5.160000000000000000e+02
2.310000000000000000e+02,2.850000000000000000e+01,5.614000000000000000e+03
1.850000000000000000e+02,2.900000000000000000e+01,3.221000000000000000e+03
2.280000000000000000e+02,2.900000000000000000e+01,1.880000000000000000e+03
1.850000000000000000e+02,2.950000000000000000e+01,2.380000000000000000e+04
1.550000000000000000e+02,3.000000000000000000e+01,2.667000000000000000e+03
1.990000000000000000e+02,3.000000000000000000e+01,6.310000000000000000e+02
2.880000000000000000e+02,3.050000000000000000e+01,2.758000000000000000e+03
2.890000000000000000e+02,3.050000000000000000e+01,1.480000000000000000e+03
3.180000000000000000e+02,3.050000000000000000e+01,7.503000000000000000e+03
3.510000000000000000e+02,3.050000000000000000e+01,8.840000000000000000e+02
4.600000000000000000e+01,3.100000000000000000e+01,1.256000000000000000e+03
4.700000000000000000e+01,3.100000000000000000e+01,1.256000000000000000e+03
1.260000000000000000e+02,3.100000000000000000e+01,2.155000000000000000e+03
3.480000000000000000e+02,3.100000000000000000e+01,1.242600000000000000e+04
3.510000000000000000e+02,3.100000000000000000e+01,1.138000000000000000e+03
7.900000000000000000e+01,3.200000000000000000e+01,1.451000000000000000e+03
1.610000000000000000e+02,3.200000000000000000e+01,7.061000000000000000e+03
4.900000000000000000e+01,3.250000000000000000e+01,5.203000000000000000e+03
8.300000000000000000e+01,3.250000000000000000e+01,1.416000000000000000e+03
1.370000000000000000e+02,3.300000000000000000e+01,2.441000000000000000e+03
1.520000000000000000e+02,3.300000000000000000e+01,3.606000000000000000e+03
2.120000000000000000e+02,3.300000000000000000e+01,3.423000000000000000e+03
2.220000000000000000e+02,3.350000000000000000e+01,5.911000000000000000e+03
2.950000000000000000e+02,3.400000000000000000e+01,7.680000000000000000e+02
1.450000000000000000e+02,3.450000000000000000e+01,3.177000000000000000e+03
2.080000000000000000e+02,3.450000000000000000e+01,5.990000000000000000e+02
3.490000000000000000e+02,3.450000000000000000e+01,1.147000000000000000e+03
7.700000000000000000e+01,3.500000000000000000e+01,1.354000000000000000e+03
1.080000000000000000e+02,3.500000000000000000e+01,5.820000000000000000e+02
1.160000000000000000e+02,3.500000000000000000e+01,6.410000000000000000e+02
1.580000000000000000e+02,3.500000000000000000e+01,1.941000000000000000e+03
1.450000000000000000e+02,3.550000000000000000e+01,5.232000000000000000e+03
1.660000000000000000e+02,3.550000000000000000e+01,1.532000000000000000e+03
2.540000000000000000e+02,3.550000000000000000e+01,5.330000000000000000e+02
2.920000000000000000e+02,3.550000000000000000e+01,2.713000000000000000e+03
1.070000000000000000e+02,3.600000000000000000e+01,4.395000000000000000e+03
1.740000000000000000e+02,3.600000000000000000e+01,7.080000000000000000e+02
9.100000000000000000e+01,3.650000000000000000e+01,8.240000000000000000e+02
1.020000000000000000e+02,3.650000000000000000e+01,3.332000000000000000e+03
1.740000000000000000e+02,3.650000000000000000e+01,5.152000000000000000e+03
2.160000000000000000e+02,3.650000000000000000e+01,5.375000000000000000e+03
6.400000000000000000e+01,3.700000000000000000e+01,4.052000000000000000e+03
9.900000000000000000e+01,3.700000000000000000e+01,5.446000000000000000e+03
1.560000000000000000e+02,3.700000000000000000e+01,5.650000000000000000e+02
1.670000000000000000e+02,3.700000000000000000e+01,4.176900000000000000e+04
1.740000000000000000e+02,3.700000000000000000e+01,5.260200000000000000e+04
1.670000000000000000e+02,3.750000000000000000e+01,6.630000000000000000e+02
1.740000000000000000e+02,3.750000000000000000e+01,4.824000000000000000e+03
2.400000000000000000e+02,3.750000000000000000e+01,3.141000000000000000e+03
2.680000000000000000e+02,3.750000000000000000e+01,2.207000000000000000e+03
2.740000000000000000e+02,3.750000000000000000e+01,9.340000000000000000e+02
3.700000000000000000e+01,3.800000000000000000e+01,2.015000000000000000e+03
2.210000000000000000e+02,3.800000000000000000e+01,5.740000000000000000e+02
1.310000000000000000e+02,3.850000000000000000e+01,2.110000000000000000e+03
2.830000000000000000e+02,3.850000000000000000e+01,5.900000000000000000e+02
5.000000000000000000e+00,3.900000000000000000e+01,1.704000000000000000e+03
1.700000000000000000e+01,3.900000000000000000e+01,1.766600000000000000e+04
6.000000000000000000e+00,3.950000000000000000e+01,3.616200000000000000e+04
5.000000000000000000e+01,3.950000000000000000e+01,1.201000000000000000e+03
2.070000000000000000e+02,3.950000000000000000e+01,3.774000000000000000e+03
2.600000000000000000e+01,4.050000000000000000e+01,5.740000000000000000e+02
1.040000000000000000e+02,4.050000000000000000e+01,1.554000000000000000e+03
1.490000000000000000e+02,4.050000000000000000e+01,3.913000000000000000e+03
2.400000000000000000e+01,4.100000000000000000e+01,5.520000000000000000e+02
2.600000000000000000e+01,4.100000000000000000e+01,4.119000000000000000e+03
1.090000000000000000e+02,4.100000000000000000e+01,1.819000000000000000e+03
1.220000000000000000e+02,4.100000000000000000e+01,8.270000000000000000e+02
2.250000000000000000e+02,4.100000000000000000e+01,2.586000000000000000e+03
2.260000000000000000e+02,4.100000000000000000e+01,1.303000000000000000e+03
2.400000000000000000e+01,4.150000000000000000e+01,2.571000000000000000e+03
8.400000000000000000e+01,4.150000000000000000e+01,5.895000000000000000e+03
8.700000000000000000e+01,4.150000000000000000e+01,2.069000000000000000e+03
2.110000000000000000e+02,4.200000000000000000e+01,5.940000000000000000e+02
1.410000000000000000e+02,4.250000000000000000e+01,5.080000000000000000e+02
2.220000000000000000e+02,4.250000000000000000e+01,1.923000000000000000e+03
2.590000000000000000e+02,4.300000000000000000e+01,6.610000000000000000e+02
2.620000000000000000e+02,4.350000000000000000e+01,8.230000000000000000e+02
2.400000000000000000e+01,4.400000000000000000e+01,2.093000000000000000e+03
6.900000000000000000e+01,4.400000000000000000e+01,6.970000000000000000e+02
7.000000000000000000e+01,4.400000000000000000e+01,8.090000000000000000e+02
1.250000000000000000e+02,4.400000000000000000e+01,6.820000000000000000e+02
2.400000000000000000e+01,4.450000000000000000e+01,5.151000000000000000e+03
1.550000000000000000e+02,4.450000000000000000e+01,6.660000000000000000e+02
1.080000000000000000e+02,4.500000000000000000e+01,6.940000000000000000e+02
3.060000000000000000e+02,4.500000000000000000e+01,1.360000000000000000e+03
3.390000000000000000e+02,4.500000000000000000e+01,1.113700000000000000e+04
1.150000000000000000e+02,4.600000000000000000e+01,4.667000000000000000e+03
2.260000000000000000e+02,4.600000000000000000e+01,1.587000000000000000e+03
1.160000000000000000e+02,4.650000000000000000e+01,7.054000000000000000e+03
9.700000000000000000e+01,4.700000000000000000e+01,2.055000000000000000e+03
2.280000000000000000e+02,4.700000000000000000e+01,3.951000000000000000e+03
2.870000000000000000e+02,4.700000000000000000e+01,6.030000000000000000e+02
6.300000000000000000e+01,4.750000000000000000e+01,8.550000000000000000e+02
1.210000000000000000e+02,4.750000000000000000e+01,4.465000000000000000e+03
1.480000000000000000e+02,4.750000000000000000e+01,3.062000000000000000e+03
2.710000000000000000e+02,4.750000000000000000e+01,5.770000000000000000e+02
1.270000000000000000e+02,4.800000000000000000e+01,7.161000000000000000e+03
2.810000000000000000e+02,4.800000000000000000e+01,2.333000000000000000e+03
2.860000000000000000e+02,4.800000000000000000e+01,3.526000000000000000e+03
8.000000000000000000e+00,4.850000000000000000e+01,6.229000000000000000e+03
2.780000000000000000e+02,4.850000000000000000e+01,2.737000000000000000e+03
3.270000000000000000e+02,4.900000000000000000e+01,6.462000000000000000e+03
2.430000000000000000e+02,4.950000000000000000e+01,2.874000000000000000e+03
3.460000000000000000e+02,4.950000000000000000e+01,1.148000000000000000e+04
3.170000000000000000e+02,5.000000000000000000e+01,1.758000000000000000e+03
3.900000000000000000e+01,5.100000000000000000e+01,6.770000000000000000e+02
1.310000000000000000e+02,5.100000000000000000e+01,8.363000000000000000e+03
1.910000000000000000e+02,5.100000000000000000e+01,2.831000000000000000e+03
1.920000000000000000e+02,5.100000000000000000e+01,2.822000000000000000e+03
3.360000000000000000e+02,5.100000000000000000e+01,1.556000000000000000e+03
3.370000000000000000e+02,5.100000000000000000e+01,1.215100000000000000e+04
3.440000000000000000e+02,5.100000000000000000e+01,1.707000000000000000e+03
1.470000000000000000e+02,5.150000000000000000e+01,3.763000000000000000e+03
1.910000000000000000e+02,5.150000000000000000e+01,1.843000000000000000e+03
1.920000000000000000e+02,5.150000000000000000e+01,1.542000000000000000e+03
2.070000000000000000e+02,5.200000000000000000e+01,5.140000000000000000e+02
2.840000000000000000e+02,5.200000000000000000e+01,9.380000000000000000e+02
9.900000000000000000e+01,5.250000000000000000e+01,3.773000000000000000e+03
2.640000000000000000e+02,5.250000000000000000e+01,4.079000000000000000e+03
2.660000000000000000e+02,5.300000000000000000e+01,1.565000000000000000e+03
2.880000000000000000e+02,5.300000000000000000e+01,1.387000000000000000e+03
5.100000000000000000e+01,5.350000000000000000e+01,1.232000000000000000e+03
8.000000000000000000e+01,5.350000000000000000e+01,1.613000000000000000e+03
2.300000000000000000e+02,5.350000000000000000e+01,6.770000000000000000e+02
3.110000000000000000e+02,5.350000000000000000e+01,1.237000000000000000e+03
1.520000000000000000e+02,5.450000000000000000e+01,1.024000000000000000e+03
3.020000000000000000e+02,5.450000000000000000e+01,5.450000000000000000e+02
1.100000000000000000e+02,5.500000000000000000e+01,5.210000000000000000e+02
1.660000000000000000e+02,5.550000000000000000e+01,1.886200000000000000e+04
2.170000000000000000e+02,5.550000000000000000e+01,1.094000000000000000e+03
2.190000000000000000e+02,5.550000000000000000e+01,1.362000000000000000e+03
2.490000000000000000e+02,5.550000000000000000e+01,8.750000000000000000e+02
3.250000000000000000e+02,5.550000000000000000e+01,3.930000000000000000e+03
8.300000000000000000e+01,5.600000000000000000e+01,2.634000000000000000e+03
1.660000000000000000e+02,5.600000000000000000e+01,1.966000000000000000e+03
1.960000000000000000e+02,5.600000000000000000e+01,5.349000000000000000e+03
9.400000000000000000e+01,5.650000000000000000e+01,5.070000000000000000e+02
1.370000000000000000e+02,5.650000000000000000e+01,4.444000000000000000e+03
4.900000000000000000e+01,5.800000000000000000e+01,5.664000000000000000e+03
5.000000000000000000e+01,5.800000000000000000e+01,6.060000000000000000e+02
3.320000000000000000e+02,5.800000000000000000e+01,4.068000000000000000e+03
3.350000000000000000e+02,5.800000000000000000e+01,2.321000000000000000e+03
1.600000000000000000e+01,5.850000000000000000e+01,6.664000000000000000e+03
2.950000000000000000e+02,5.850000000000000000e+01,3.940000000000000000e+03
1.730000000000000000e+02,5.900000000000000000e+01,1.429000000000000000e+03
1.730000000000000000e+02,5.950000000000000000e+01,1.541200000000000000e+04
1.730000000000000000e+02,6.000000000000000000e+01,1.510000000000000000e+03
2.420000000000000000e+02,6.000000000000000000e+01,7.850000000000000000e+02
4.900000000000000000e+01,6.050000000000000000e+01,4.898000000000000000e+03
9.200000000000000000e+01,6.100000000000000000e+01,8.170000000000000000e+02
3.000000000000000000e+02,6.100000000000000000e+01,1.267000000000000000e+03
3.010000000000000000e+02,6.100000000000000000e+01,1.578000000000000000e+03
6.700000000000000000e+01,6.150000000000000000e+01,1.102000000000000000e+03
8.100000000000000000e+01,6.150000000000000000e+01,2.648000000000000000e+03
1.340000000000000000e+02,6.150000000000000000e+01,5.140000000000000000e+02
1.570000000000000000e+02,6.150000000000000000e+01,1.281100000000000000e+04
1.250000000000000000e+02,6.200000000000000000e+01,1.392000000000000000e+03
1.570000000000000000e+02,6.200000000000000000e+01,5.117000000000000000e+03
3.600000000000000000e+01,6.250000000000000000e+01,9.299000000000000000e+03
7.500000000000000000e+01,6.250000000000000000e+01,1.170000000000000000e+03
2.140000000000000000e+02,6.300000000000000000e+01,1.495000000000000000e+03
3.290000000000000000e+02,6.300000000000000000e+01,2.532000000000000000e+03
2.790000000000000000e+02,6.350000000000000000e+01,1.951000000000000000e+03
3.420000000000000000e+02,6.350000000000000000e+01,1.465000000000000000e+03
5.500000000000000000e+01,6.400000000000000000e+01,2.011000000000000000e+03
8.100000000000000000e+01,6.500000000000000000e+01,1.045000000000000000e+03
2.600000000000000000e+02,6.500000000000000000e+01,1.114000000000000000e+03
2.050000000000000000e+02,6.550000000000000000e+01,2.499000000000000000e+03
3.380000000000000000e+02,6.600000000000000000e+01,1.079000000000000000e+03
2.040000000000000000e+02,6.650000000000000000e+01,3.404000000000000000e+03
1.120000000000000000e+02,6.700000000000000000e+01,7.500000000000000000e+02
2.620000000000000000e+02,6.700000000000000000e+01,2.360000000000000000e+03
9.400000000000000000e+01,6.750000000000000000e+01,4.717000000000000000e+03
2.300000000000000000e+02,6.750000000000000000e+01,5.370000000000000000e+02
1.070000000000000000e+02,6.800000000000000000e+01,4.622000000000000000e+03
2.470000000000000000e+02,6.800000000000000000e+01,6.410000000000000000e+02
3.410000000000000000e+02,6.800000000000000000e+01,4.034000000000000000e+03
1.400000000000000000e+02,6.850000000000000000e+01,5.370000000000000000e+02
3.270000000000000000e+02,6.900000000000000000e+01,1.729000000000000000e+03
2.040000000000000000e+02,6.950000000000000000e+01,7.123000000000000000e+03
1.210000000000000000e+02,7.000000000000000000e+01,1.379000000000000000e+03
1.310000000000000000e+02,7.000000000000000000e+01,1.992000000000000000e+03
2.500000000000000000e+01,7.050000000000000000e+01,6.003000000000000000e+03
1.270000000000000000e+02,7.050000000000000000e+01,5.860000000000000000e+02
1.620000000000000000e+02,7.050000000000000000e+01,1.146000000000000000e+03
2.120000000000000000e+02,7.050000000000000000e+01,6.525000000000000000e+03
1.540000000000000000e+02,7.100000000000000000e+01,6.610000000000000000e+02
5.000000000000000000e+01,7.200000000000000000e+01,6.195000000000000000e+03
8.300000000000000000e+01,7.200000000000000000e+01,1.902000000000000000e+03
1.220000000000000000e+02,7.250000000000000000e+01,1.513000000000000000e+03
2.290000000000000000e+02,7.250000000000000000e+01,4.507000000000000000e+03
2.720000000000000000e+02,7.250000000000000000e+01,5.220000000000000000e+02
3.270000000000000000e+02,7.300000000000000000e+01,4.042000000000000000e+03
1.970000000000000000e+02,7.350000000000000000e+01,1.705700000000000000e+04
2.470000000000000000e+02,7.350000000000000000e+01,5.250000000000000000e+02
1.690000000000000000e+02,7.400000000000000000e+01,8.515000000000000000e+03
2.280000000000000000e+02,7.400000000000000000e+01,1.426000000000000000e+03
2.540000000000000000e+02,7.400000000000000000e+01,1.057000000000000000e+03
1.940000000000000000e+02,7.450000000000000000e+01,1.472000000000000000e+03
1.950000000000000000e+02,7.450000000000000000e+01,3.543000000000000000e+03
2.280000000000000000e+02,7.500000000000000000e+01,3.945000000000000000e+03
7.300000000000000000e+01,7.550000000000000000e+01,1.075000000000000000e+03
3.050000000000000000e+02,7.600000000000000000e+01,1.316000000000000000e+03
1.310000000000000000e+02,7.650000000000000000e+01,1.514000000000000000e+03
2.610000000000000000e+02,7.650000000000000000e+01,6.340000000000000000e+02
5.500000000000000000e+01,7.700000000000000000e+01,5.030000000000000000e+02
1.140000000000000000e+02,7.700000000000000000e+01,6.870000000000000000e+02
1.320000000000000000e+02,7.700000000000000000e+01,8.650000000000000000e+02
2.350000000000000000e+02,7.700000000000000000e+01,1.082000000000000000e+03
3.100000000000000000e+01,7.750000000000000000e+01,6.160000000000000000e+02
1.050000000000000000e+02,7.750000000000000000e+01,4.067000000000000000e+03
1.360000000000000000e+02,7.800000000000000000e+01,5.810000000000000000e+03
2.190000000000000000e+02,7.850000000000000000e+01,1.193000000000000000e+03
2.740000000000000000e+02,7.850000000000000000e+01,2.687000000000000000e+03
3.320000000000000000e+02,7.900000000000000000e+01,9.160000000000000000e+02
1.960000000000000000e+02,7.950000000000000000e+01,1.772600000000000000e+04
1.040000000000000000e+02,8.000000000000000000e+01,4.271000000000000000e+03
2.870000000000000000e+02,8.000000000000000000e+01,3.854000000000000000e+03
2.160000000000000000e+02,8.050000000000000000e+01,6.270000000000000000e+03
1.510000000000000000e+02,8.250000000000000000e+01,2.738000000000000000e+03
1.370000000000000000e+02,8.300000000000000000e+01,2.133000000000000000e+03
2.630000000000000000e+02,8.300000000000000000e+01,1.716000000000000000e+03
7.300000000000000000e+01,8.400000000000000000e+01,1.588000000000000000e+03
9.900000000000000000e+01,8.400000000000000000e+01,1.348000000000000000e+03
4.200000000000000000e+01,8.500000000000000000e+01,7.429000000000000000e+03
1.320000000000000000e+02,8.500000000000000000e+01,7.516000000000000000e+03
1.330000000000000000e+02,8.500000000000000000e+01,1.162000000000000000e+03
1.850000000000000000e+02,8.500000000000000000e+01,3.223000000000000000e+03
3.110000000000000000e+02,8.500000000000000000e+01,1.265000000000000000e+03
3.460000000000000000e+02,8.600000000000000000e+01,1.815000000000000000e+03
2.290000000000000000e+02,8.650000000000000000e+01,5.255000000000000000e+03
3.200000000000000000e+02,8.650000000000000000e+01,1.086000000000000000e+03
1.390000000000000000e+02,8.750000000000000000e+01,4.426000000000000000e+03
3.500000000000000000e+02,8.750000000000000000e+01,1.328000000000000000e+03
1.550000000000000000e+02,8.850000000000000000e+01,6.260000000000000000e+02
2.840000000000000000e+02,8.900000000000000000e+01,2.186000000000000000e+03
2.850000000000000000e+02,8.900000000000000000e+01,1.452000000000000000e+03
1.260000000000000000e+02,8.950000000000000000e+01,7.840000000000000000e+02
1.270000000000000000e+02,8.950000000000000000e+01,1.482000000000000000e+03
5.700000000000000000e+01,9.000000000000000000e+01,5.830000000000000000e+02
5.800000000000000000e+01,9.000000000000000000e+01,5.430000000000000000e+02
2.310000000000000000e+02,9.050000000000000000e+01,8.990000000000000000e+02
4.200000000000000000e+01,9.150000000000000000e+01,1.794000000000000000e+03
1.360000000000000000e+02,9.200000000000000000e+01,1.336000000000000000e+03
1.620000000000000000e+02,9.200000000000000000e+01,1.305200000000000000e+04
3.100000000000000000e+02,9.200000000000000000e+01,1.079000000000000000e+03
3.370000000000000000e+02,9.200000000000000000e+01,4.238000000000000000e+03
7.600000000000000000e+01,9.250000000000000000e+01,1.153000000000000000e+03
1.150000000000000000e+02,9.250000000000000000e+01,5.957000000000000000e+03
1.620000000000000000e+02,9.250000000000000000e+01,4.450000000000000000e+03
2.060000000000000000e+02,9.250000000000000000e+01,4.310000000000000000e+03
3.120000000000000000e+02,9.250000000000000000e+01,6.460000000000000000e+02
3.370000000000000000e+02,9.250000000000000000e+01,1.157900000000000000e+04
1.470000000000000000e+02,9.300000000000000000e+01,8.857000000000000000e+03
1.320000000000000000e+02,9.350000000000000000e+01,2.972000000000000000e+03
1.070000000000000000e+02,9.400000000000000000e+01,2.641000000000000000e+03
1.290000000000000000e+02,9.400000000000000000e+01,6.678000000000000000e+03
1.300000000000000000e+02,9.400000000000000000e+01,1.919000000000000000e+03
1.960000000000000000e+02,9.400000000000000000e+01,4.681000000000000000e+03
1.410000000000000000e+02,9.450000000000000000e+01,1.243000000000000000e+03
2.050000000000000000e+02,9.500000000000000000e+01,2.004000000000000000e+03
3.160000000000000000e+02,9.500000000000000000e+01,4.459000000000000000e+03
2.050000000000000000e+02,9.550000000000000000e+01,2.142000000000000000e+03
1.110000000000000000e+02,9.650000000000000000e+01,2.652000000000000000e+03
1.700000000000000000e+01,9.700000000000000000e+01,5.160000000000000000e+02
1.460000000000000000e+02,9.800000000000000000e+01,6.390000000000000000e+02
1.550000000000000000e+02,9.800000000000000000e+01,1.026000000000000000e+03
1.490000000000000000e+02,9.850000000000000000e+01,6.370000000000000000e+02
1.390000000000000000e+02,1.005000000000000000e+02,2.476000000000000000e+03
2.220000000000000000e+02,1.010000000000000000e+02,5.401000000000000000e+03
1.060000000000000000e+02,1.015000000000000000e+02,1.225000000000000000e+03
1.500000000000000000e+02,1.015000000000000000e+02,1.062000000000000000e+03
1.370000000000000000e+02,1.020000000000000000e+02,5.395000000000000000e+03
2.370000000000000000e+02,1.030000000000000000e+02,5.420000000000000000e+02
9.000000000000000000e+00,1.040000000000000000e+02,6.793000000000000000e+03
3.060000000000000000e+02,1.040000000000000000e+02,1.455000000000000000e+03
3.460000000000000000e+02,1.040000000000000000e+02,1.936800000000000000e+04
9.000000000000000000e+00,1.045000000000000000e+02,3.153900000000000000e+04
3.190000000000000000e+02,1.050000000000000000e+02,4.064000000000000000e+03
3.310000000000000000e+02,1.065000000000000000e+02,2.900000000000000000e+03
2.210000000000000000e+02,1.080000000000000000e+02,1.184000000000000000e+03
1.170000000000000000e+02,1.090000000000000000e+02,7.831000000000000000e+03
1.880000000000000000e+02,1.090000000000000000e+02,1.041400000000000000e+04
3.120000000000000000e+02,1.090000000000000000e+02,1.943000000000000000e+03
3.420000000000000000e+02,1.095000000000000000e+02,6.220000000000000000e+02
1.240000000000000000e+02,1.100000000000000000e+02,1.241000000000000000e+03
1.490000000000000000e+02,1.110000000000000000e+02,3.698000000000000000e+03
2.020000000000000000e+02,1.110000000000000000e+02,8.120000000000000000e+02
2.030000000000000000e+02,1.110000000000000000e+02,2.186000000000000000e+03
2.300000000000000000e+01,1.120000000000000000e+02,3.803000000000000000e+03
1.460000000000000000e+02,1.120000000000000000e+02,1.809000000000000000e+03
1.550000000000000000e+02,1.120000000000000000e+02,5.263000000000000000e+03
3.210000000000000000e+02,1.125000000000000000e+02,1.490000000000000000e+03
1.860000000000000000e+02,1.130000000000000000e+02,3.874200000000000000e+04
3.800000000000000000e+01,1.145000000000000000e+02,4.047000000000000000e+03
3.270000000000000000e+02,1.145000000000000000e+02,7.467000000000000000e+03
1.650000000000000000e+02,1.150000000000000000e+02,9.502000000000000000e+03
1.850000000000000000e+02,1.160000000000000000e+02,2.176000000000000000e+03
2.310000000000000000e+02,1.165000000000000000e+02,7.660000000000000000e+02
1.350000000000000000e+02,1.170000000000000000e+02,8.845000000000000000e+03
1.360000000000000000e+02,1.170000000000000000e+02,6.525000000000000000e+03
3.260000000000000000e+02,1.185000000000000000e+02,6.840000000000000000e+02
3.170000000000000000e+02,1.190000000000000000e+02,4.907000000000000000e+03
1.670000000000000000e+02,1.200000000000000000e+02,1.015000000000000000e+03
1.950000000000000000e+02,1.205000000000000000e+02,2.256000000000000000e+03
1.360000000000000000e+02,1.210000000000000000e+02,2.788000000000000000e+03
1.950000000000000000e+02,1.210000000000000000e+02,2.992000000000000000e+03
8.000000000000000000e+00,1.225000000000000000e+02,1.624800000000000000e+04
1.540000000000000000e+02,1.225000000000000000e+02,1.131300000000000000e+04
3.300000000000000000e+02,1.250000000000000000e+02,1.404000000000000000e+03
1.340000000000000000e+02,1.260000000000000000e+02,6.832000000000000000e+03
1.990000000000000000e+02,1.280000000000000000e+02,1.058000000000000000e+03
1.190000000000000000e+02,1.285000000000000000e+02,1.906000000000000000e+03
1.200000000000000000e+02,1.285000000000000000e+02,8.450000000000000000e+02
1.500000000000000000e+01,1.290000000000000000e+02,8.850000000000000000e+02
1.440000000000000000e+02,1.290000000000000000e+02,3.454000000000000000e+03
1.720000000000000000e+02,1.290000000000000000e+02,2.259000000000000000e+04
1.440000000000000000e+02,1.295000000000000000e+02,3.064000000000000000e+03
1.620000000000000000e+02,1.295000000000000000e+02,2.414100000000000000e+04
1.720000000000000000e+02,1.295000000000000000e+02,3.668000000000000000e+03
3.420000000000000000e+02,1.300000000000000000e+02,1.820200000000000000e+04
2.160000000000000000e+02,1.310000000000000000e+02,3.729000000000000000e+03
1.160000000000000000e+02,1.315000000000000000e+02,1.632000000000000000e+03
2.200000000000000000e+01,1.320000000000000000e+02,1.264000000000000000e+03
1.490000000000000000e+02,1.320000000000000000e+02,3.502000000000000000e+03
2.170000000000000000e+02,1.320000000000000000e+02,3.422000000000000000e+03
1.320000000000000000e+02,1.325000000000000000e+02,1.741000000000000000e+03
5.000000000000000000e+00,1.330000000000000000e+02,1.758000000000000000e+03
1.190000000000000000e+02,1.330000000000000000e+02,6.550000000000000000e+02
3.490000000000000000e+02,1.365000000000000000e+02,7.017000000000000000e+03
2.500000000000000000e+01,1.370000000000000000e+02,7.510000000000000000e+02
3.100000000000000000e+01,1.370000000000000000e+02,2.553000000000000000e+03
1.280000000000000000e+02,1.370000000000000000e+02,5.550000000000000000e+03
2.360000000000000000e+02,1.370000000000000000e+02,5.150000000000000000e+02
1.180000000000000000e+02,1.385000000000000000e+02,1.860000000000000000e+03
2.030000000000000000e+02,1.385000000000000000e+02,3.290000000000000000e+03
3.540000000000000000e+02,1.385000000000000000e+02,3.960000000000000000e+03
1.400000000000000000e+02,1.390000000000000000e+02,6.939000000000000000e+03
3.540000000000000000e+02,1.390000000000000000e+02,2.053600000000000000e+04
3.540000000000000000e+02,1.395000000000000000e+02,3.449700000000000000e+04
1.900000000000000000e+01,1.400000000000000000e+02,1.443000000000000000e+03
3.400000000000000000e+01,1.405000000000000000e+02,3.866000000000000000e+03
8.500000000000000000e+01,1.410000000000000000e+02,6.450000000000000000e+02
1.410000000000000000e+02,1.410000000000000000e+02,6.140000000000000000e+02
2.040000000000000000e+02,1.410000000000000000e+02,5.660000000000000000e+02
1.690000000000000000e+02,1.415000000000000000e+02,7.582000000000000000e+03
2.040000000000000000e+02,1.425000000000000000e+02,4.290000000000000000e+03
2.030000000000000000e+02,1.435000000000000000e+02,9.604000000000000000e+03
2.960000000000000000e+02,1.440000000000000000e+02,8.480000000000000000e+02
3.600000000000000000e+01,1.445000000000000000e+02,2.285000000000000000e+03
1.510000000000000000e+02,1.445000000000000000e+02,1.224000000000000000e+03
3.600000000000000000e+01,1.450000000000000000e+02,2.155000000000000000e+03
2.200000000000000000e+02,1.475000000000000000e+02,6.110000000000000000e+02
9.200000000000000000e+01,1.480000000000000000e+02,9.428000000000000000e+03
1.220000000000000000e+02,1.490000000000000000e+02,5.360000000000000000e+02
1.380000000000000000e+02,1.490000000000000000e+02,6.516000000000000000e+03
3.240000000000000000e+02,1.490000000000000000e+02,5.981000000000000000e+03
1.970000000000000000e+02,1.500000000000000000e+02,1.189000000000000000e+03
3.340000000000000000e+02,1.500000000000000000e+02,8.007000000000000000e+03
2.280000000000000000e+02,1.505000000000000000e+02,8.220000000000000000e+02
2.020000000000000000e+02,1.520000000000000000e+02,1.478000000000000000e+03
2.220000000000000000e+02,1.520000000000000000e+02,8.190000000000000000e+02
8.000000000000000000e+00,1.525000000000000000e+02,9.794000000000000000e+03
1.250000000000000000e+02,1.525000000000000000e+02,6.319000000000000000e+03
3.530000000000000000e+02,1.530000000000000000e+02,2.213000000000000000e+03
3.530000000000000000e+02,1.535000000000000000e+02,8.100000000000000000e+03
8.000000000000000000e+00,1.540000000000000000e+02,5.860000000000000000e+02
2.200000000000000000e+01,1.550000000000000000e+02,2.949000000000000000e+03
3.290000000000000000e+02,1.550000000000000000e+02,2.694000000000000000e+03
1.590000000000000000e+02,1.555000000000000000e+02,1.042400000000000000e+04
1.840000000000000000e+02,1.555000000000000000e+02,5.217000000000000000e+03
1.380000000000000000e+02,1.565000000000000000e+02,2.149000000000000000e+03
1.220000000000000000e+02,1.570000000000000000e+02,5.420000000000000000e+02
1.230000000000000000e+02,1.570000000000000000e+02,7.254000000000000000e+03
2.100000000000000000e+02,1.575000000000000000e+02,2.182000000000000000e+03
1.600000000000000000e+02,1.580000000000000000e+02,1.480000000000000000e+03
1.570000000000000000e+02,1.585000000000000000e+02,4.585000000000000000e+03
1.580000000000000000e+02,1.585000000000000000e+02,6.049000000000000000e+03
1.570000000000000000e+02,1.590000000000000000e+02,1.419000000000000000e+03
1.580000000000000000e+02,1.590000000000000000e+02,5.340000000000000000e+02
2.140000000000000000e+02,1.590000000000000000e+02,6.520000000000000000e+02
1.890000000000000000e+02,1.595000000000000000e+02,4.261700000000000000e+04
2.020000000000000000e+02,1.595000000000000000e+02,7.890000000000000000e+02
2.140000000000000000e+02,1.595000000000000000e+02,6.170000000000000000e+02
1.970000000000000000e+02,1.610000000000000000e+02,4.684000000000000000e+03
1.980000000000000000e+02,1.610000000000000000e+02,3.645000000000000000e+03
5.600000000000000000e+01,1.615000000000000000e+02,4.915000000000000000e+03
2.050000000000000000e+02,1.615000000000000000e+02,7.350000000000000000e+02
3.020000000000000000e+02,1.625000000000000000e+02,5.250000000000000000e+02
2.500000000000000000e+01,1.630000000000000000e+02,2.019000000000000000e+03
2.160000000000000000e+02,1.630000000000000000e+02,5.657000000000000000e+03
1.700000000000000000e+01,1.645000000000000000e+02,1.031300000000000000e+04
1.800000000000000000e+01,1.645000000000000000e+02,9.162000000000000000e+03
1.280000000000000000e+02,1.655000000000000000e+02,2.853000000000000000e+03
2.080000000000000000e+02,1.655000000000000000e+02,1.034000000000000000e+03
2.090000000000000000e+02,1.655000000000000000e+02,1.327000000000000000e+03
6.500000000000000000e+01,1.660000000000000000e+02,8.270000000000000000e+03
1.950000000000000000e+02,1.665000000000000000e+02,7.450000000000000000e+02
1.430000000000000000e+02,1.675000000000000000e+02,1.620900000000000000e+04
1.070000000000000000e+02,1.680000000000000000e+02,3.782000000000000000e+03
1.100000000000000000e+02,1.680000000000000000e+02,5.730000000000000000e+02
1.230000000000000000e+02,1.680000000000000000e+02,2.027000000000000000e+03
1.490000000000000000e+02,1.700000000000000000e+02,1.713000000000000000e+03
2.100000000000000000e+02,1.700000000000000000e+02,4.375000000000000000e+03
7.200000000000000000e+01,1.705000000000000000e+02,6.500000000000000000e+02
1.250000000000000000e+02,1.705000000000000000e+02,6.710000000000000000e+02
3.020000000000000000e+02,1.705000000000000000e+02,6.834000000000000000e+03
1.800000000000000000e+02,1.715000000000000000e+02,1.104200000000000000e+04
1.800000000000000000e+02,1.720000000000000000e+02,4.016900000000000000e+04
7.500000000000000000e+01,1.725000000000000000e+02,2.490000000000000000e+03
2.030000000000000000e+02,1.725000000000000000e+02,4.017000000000000000e+03
3.470000000000000000e+02,1.730000000000000000e+02,9.130000000000000000e+02
9.800000000000000000e+01,1.735000000000000000e+02,9.140000000000000000e+02
1.240000000000000000e+02,1.735000000000000000e+02,1.044000000000000000e+03
1.400000000000000000e+02,1.735000000000000000e+02,6.330000000000000000e+02
1.410000000000000000e+02,1.735000000000000000e+02,3.855000000000000000e+03
3.180000000000000000e+02,1.740000000000000000e+02,1.653000000000000000e+03
4.000000000000000000e+01,1.745000000000000000e+02,2.490000000000000000e+03
1.160000000000000000e+02,1.750000000000000000e+02,4.979000000000000000e+03
2.360000000000000000e+02,1.750000000000000000e+02,4.177000000000000000e+03
1.150000000000000000e+02,1.765000000000000000e+02,4.555000000000000000e+03
1.470000000000000000e+02,1.765000000000000000e+02,2.130000000000000000e+03
8.300000000000000000e+01,1.770000000000000000e+02,5.630000000000000000e+02
9.700000000000000000e+01,1.775000000000000000e+02,5.990000000000000000e+02
2.450000000000000000e+02,1.780000000000000000e+02,5.375000000000000000e+03
4.300000000000000000e+01,1.785000000000000000e+02,5.230000000000000000e+02
4.300000000000000000e+01,1.790000000000000000e+02,1.502000000000000000e+03
1.260000000000000000e+02,1.790000000000000000e+02,8.080000000000000000e+02
1.370000000000000000e+02,1.790000000000000000e+02,7.891000000000000000e+03
2.210000000000000000e+02,1.790000000000000000e+02,1.255000000000000000e+03
1.350000000000000000e+02,1.795000000000000000e+02,3.446000000000000000e+03
3.080000000000000000e+02,1.800000000000000000e+02,2.097000000000000000e+03
1.270000000000000000e+02,1.805000000000000000e+02,5.100000000000000000e+02
1.910000000000000000e+02,1.805000000000000000e+02,1.725500000000000000e+04
1.910000000000000000e+02,1.810000000000000000e+02,5.350000000000000000e+02
2.030000000000000000e+02,1.815000000000000000e+02,1.016000000000000000e+03
2.040000000000000000e+02,1.815000000000000000e+02,2.578000000000000000e+03
2.520000000000000000e+02,1.820000000000000000e+02,8.080000000000000000e+02
2.020000000000000000e+02,1.825000000000000000e+02,2.042000000000000000e+03
1.100000000000000000e+02,1.830000000000000000e+02,6.120000000000000000e+02
1.360000000000000000e+02,1.835000000000000000e+02,5.540000000000000000e+02
1.880000000000000000e+02,1.835000000000000000e+02,2.148500000000000000e+04
1.720000000000000000e+02,1.840000000000000000e+02,2.153000000000000000e+03
2.210000000000000000e+02,1.840000000000000000e+02,6.680000000000000000e+02
2.550000000000000000e+02,1.840000000000000000e+02,1.078000000000000000e+03
1.720000000000000000e+02,1.845000000000000000e+02,5.130000000000000000e+02
2.210000000000000000e+02,1.845000000000000000e+02,7.480000000000000000e+02
3.050000000000000000e+02,1.845000000000000000e+02,7.890000000000000000e+02
1.080000000000000000e+02,1.850000000000000000e+02,2.800000000000000000e+03
1.650000000000000000e+02,1.850000000000000000e+02,6.919000000000000000e+03
2.770000000000000000e+02,1.850000000000000000e+02,6.110000000000000000e+02
3.030000000000000000e+02,1.870000000000000000e+02,1.459000000000000000e+03
8.400000000000000000e+01,1.875000000000000000e+02,3.315000000000000000e+03
1.570000000000000000e+02,1.875000000000000000e+02,1.123000000000000000e+03
2.950000000000000000e+02,1.875000000000000000e+02,3.426000000000000000e+03
2.040000000000000000e+02,1.880000000000000000e+02,9.020000000000000000e+02
2.490000000000000000e+02,1.880000000000000000e+02,5.070000000000000000e+02
1.300000000000000000e+01,1.890000000000000000e+02,4.355000000000000000e+03
6.700000000000000000e+01,1.890000000000000000e+02,1.291000000000000000e+03
1.040000000000000000e+02,1.890000000000000000e+02,3.664000000000000000e+03
5.100000000000000000e+01,1.905000000000000000e+02,3.822000000000000000e+03
1.700000000000000000e+01,1.915000000000000000e+02,2.128000000000000000e+03
1.800000000000000000e+01,1.915000000000000000e+02,8.609000000000000000e+03
7.800000000000000000e+01,1.915000000000000000e+02,2.092000000000000000e+03
2.190000000000000000e+02,1.915000000000000000e+02,1.812000000000000000e+03
3.200000000000000000e+02,1.915000000000000000e+02,3.440000000000000000e+03
1.490000000000000000e+02,1.925000000000000000e+02,1.170000000000000000e+03
3.290000000000000000e+02,1.925000000000000000e+02,1.347000000000000000e+03
1.060000000000000000e+02,1.930000000000000000e+02,4.032000000000000000e+03
1.450000000000000000e+02,1.930000000000000000e+02,5.229000000000000000e+03
3.900000000000000000e+01,1.935000000000000000e+02,6.402000000000000000e+03
1.380000000000000000e+02,1.935000000000000000e+02,5.650000000000000000e+02
1.260000000000000000e+02,1.940000000000000000e+02,5.341000000000000000e+03
1.290000000000000000e+02,1.940000000000000000e+02,3.230000000000000000e+03
2.230000000000000000e+02,1.940000000000000000e+02,5.180000000000000000e+02
2.330000000000000000e+02,1.940000000000000000e+02,5.410000000000000000e+02
1.260000000000000000e+02,1.945000000000000000e+02,1.814000000000000000e+03
2.230000000000000000e+02,1.950000000000000000e+02,9.560000000000000000e+02
8.900000000000000000e+01,1.960000000000000000e+02,5.300000000000000000e+02
1.210000000000000000e+02,1.960000000000000000e+02,8.120000000000000000e+02
3.150000000000000000e+02,1.960000000000000000e+02,3.040000000000000000e+03
1.500000000000000000e+02,1.965000000000000000e+02,5.158000000000000000e+03
2.880000000000000000e+02,1.965000000000000000e+02,2.098000000000000000e+03
1.120000000000000000e+02,1.970000000000000000e+02,2.781000000000000000e+03
1.320000000000000000e+02,1.975000000000000000e+02,9.180000000000000000e+02
1.340000000000000000e+02,1.975000000000000000e+02,4.903000000000000000e+03
1.240000000000000000e+02,1.980000000000000000e+02,6.320000000000000000e+02
1.410000000000000000e+02,1.980000000000000000e+02,4.974000000000000000e+03
1.970000000000000000e+02,1.980000000000000000e+02,2.115100000000000000e+04
6.800000000000000000e+01,1.985000000000000000e+02,6.891000000000000000e+03
2.640000000000000000e+02,1.985000000000000000e+02,1.683000000000000000e+03
1.170000000000000000e+02,2.000000000000000000e+02,5.920000000000000000e+02
3.160000000000000000e+02,2.000000000000000000e+02,5.660000000000000000e+02
9.900000000000000000e+01,2.005000000000000000e+02,8.275000000000000000e+03
1.570000000000000000e+02,2.005000000000000000e+02,5.590000000000000000e+02
2.000000000000000000e+01,2.010000000000000000e+02,1.321000000000000000e+03
1.600000000000000000e+02,2.010000000000000000e+02,5.701000000000000000e+03
2.470000000000000000e+02,2.010000000000000000e+02,6.470000000000000000e+02
2.000000000000000000e+01,2.015000000000000000e+02,6.383000000000000000e+03
6.200000000000000000e+01,2.015000000000000000e+02,3.255000000000000000e+03
1.450000000000000000e+02,2.015000000000000000e+02,1.343000000000000000e+03
7.000000000000000000e+00,2.025000000000000000e+02,7.170000000000000000e+02
6.400000000000000000e+01,2.030000000000000000e+02,3.852000000000000000e+03
1.410000000000000000e+02,2.030000000000000000e+02,5.490000000000000000e+02
2.580000000000000000e+02,2.030000000000000000e+02,1.388000000000000000e+03
2.390000000000000000e+02,2.035000000000000000e+02,5.820000000000000000e+02
1.020000000000000000e+02,2.040000000000000000e+02,1.054000000000000000e+03
1.560000000000000000e+02,2.045000000000000000e+02,1.518000000000000000e+03
2.130000000000000000e+02,2.045000000000000000e+02,1.092000000000000000e+03
2.140000000000000000e+02,2.045000000000000000e+02,3.136000000000000000e+03
2.240000000000000000e+02,2.045000000000000000e+02,1.046000000000000000e+03
1.500000000000000000e+01,2.050000000000000000e+02,5.380000000000000000e+02
1.160000000000000000e+02,2.050000000000000000e+02,2.360000000000000000e+03
2.300000000000000000e+02,2.050000000000000000e+02,3.775000000000000000e+03
2.860000000000000000e+02,2.050000000000000000e+02,2.729000000000000000e+03
1.500000000000000000e+01,2.055000000000000000e+02,6.850000000000000000e+02
1.310000000000000000e+02,2.060000000000000000e+02,6.569000000000000000e+03
2.330000000000000000e+02,2.060000000000000000e+02,5.060000000000000000e+02
8.300000000000000000e+01,2.065000000000000000e+02,1.602000000000000000e+03
8.800000000000000000e+01,2.065000000000000000e+02,1.389000000000000000e+03
1.340000000000000000e+02,2.065000000000000000e+02,2.032000000000000000e+03
2.690000000000000000e+02,2.070000000000000000e+02,7.370000000000000000e+02
3.000000000000000000e+01,2.075000000000000000e+02,3.118000000000000000e+03
3.000000000000000000e+01,2.080000000000000000e+02,5.860000000000000000e+02
7.800000000000000000e+01,2.080000000000000000e+02,5.430000000000000000e+02
3.060000000000000000e+02,2.085000000000000000e+02,7.200000000000000000e+03
1.500000000000000000e+02,2.090000000000000000e+02,5.170000000000000000e+02
3.090000000000000000e+02,2.090000000000000000e+02,2.515000000000000000e+03
2.320000000000000000e+02,2.095000000000000000e+02,4.002000000000000000e+03
2.100000000000000000e+01,2.100000000000000000e+02,5.020000000000000000e+02
2.200000000000000000e+01,2.100000000000000000e+02,5.080000000000000000e+02
1.850000000000000000e+02,2.105000000000000000e+02,1.680000000000000000e+03
2.190000000000000000e+02,2.105000000000000000e+02,5.775000000000000000e+03
2.480000000000000000e+02,2.105000000000000000e+02,5.348000000000000000e+03
3.170000000000000000e+02,2.105000000000000000e+02,6.100000000000000000e+02
5.100000000000000000e+01,2.110000000000000000e+02,1.558000000000000000e+03
1.310000000000000000e+02,2.110000000000000000e+02,1.904000000000000000e+03
1.850000000000000000e+02,2.110000000000000000e+02,1.310000000000000000e+03
1.880000000000000000e+02,2.110000000000000000e+02,1.161700000000000000e+04
1.600000000000000000e+01,2.120000000000000000e+02,4.165000000000000000e+03
9.800000000000000000e+01,2.120000000000000000e+02,5.010000000000000000e+02
9.400000000000000000e+01,2.125000000000000000e+02,7.050000000000000000e+02
9.800000000000000000e+01,2.125000000000000000e+02,1.392000000000000000e+03
1.120000000000000000e+02,2.125000000000000000e+02,9.030000000000000000e+02
1.280000000000000000e+02,2.125000000000000000e+02,8.041000000000000000e+03
2.400000000000000000e+01,2.130000000000000000e+02,2.324000000000000000e+03
2.500000000000000000e+01,2.130000000000000000e+02,6.760000000000000000e+02
4.000000000000000000e+01,2.130000000000000000e+02,7.550000000000000000e+02
2.970000000000000000e+02,2.130000000000000000e+02,7.090000000000000000e+02
3.240000000000000000e+02,2.130000000000000000e+02,3.946000000000000000e+03
1.760000000000000000e+02,2.135000000000000000e+02,4.520300000000000000e+04
3.140000000000000000e+02,2.135000000000000000e+02,4.143000000000000000e+03
1.760000000000000000e+02,2.140000000000000000e+02,6.313000000000000000e+03
2.420000000000000000e+02,2.140000000000000000e+02,1.621000000000000000e+03
1.880000000000000000e+02,2.145000000000000000e+02,1.023000000000000000e+03
1.900000000000000000e+01,2.150000000000000000e+02,1.250000000000000000e+03
6.100000000000000000e+01,2.150000000000000000e+02,8.540000000000000000e+02
6.900000000000000000e+01,2.150000000000000000e+02,5.090000000000000000e+02
1.100000000000000000e+01,2.155000000000000000e+02,1.787000000000000000e+03
3.200000000000000000e+01,2.155000000000000000e+02,5.917000000000000000e+03
2.440000000000000000e+02,2.155000000000000000e+02,4.532000000000000000e+03
2.820000000000000000e+02,2.155000000000000000e+02,7.930000000000000000e+02
7.000000000000000000e+01,2.160000000000000000e+02,2.017000000000000000e+03
7.100000000000000000e+01,2.160000000000000000e+02,4.773000000000000000e+03
3.000000000000000000e+00,2.165000000000000000e+02,2.421000000000000000e+03
7.500000000000000000e+01,2.165000000000000000e+02,1.969000000000000000e+03
8.600000000000000000e+01,2.165000000000000000e+02,2.358000000000000000e+03
1.620000000000000000e+02,2.165000000000000000e+02,6.445000000000000000e+03
2.190000000000000000e+02,2.165000000000000000e+02,9.260000000000000000e+02
3.210000000000000000e+02,2.165000000000000000e+02,4.450000000000000000e+03
3.000000000000000000e+00,2.170000000000000000e+02,3.718700000000000000e+04
2.100000000000000000e+01,2.170000000000000000e+02,6.180000000000000000e+02
7.900000000000000000e+01,2.170000000000000000e+02,2.445000000000000000e+03
1.130000000000000000e+02,2.170000000000000000e+02,2.941000000000000000e+03
3.000000000000000000e+00,2.175000000000000000e+02,2.784000000000000000e+03
2.630000000000000000e+02,2.175000000000000000e+02,1.393000000000000000e+03
2.680000000000000000e+02,2.175000000000000000e+02,1.130000000000000000e+03
2.960000000000000000e+02,2.175000000000000000e+02,1.826000000000000000e+03
3.370000000000000000e+02,2.175000000000000000e+02,1.194000000000000000e+03
1.400000000000000000e+02,2.180000000000000000e+02,1.255000000000000000e+03
4.600000000000000000e+01,2.185000000000000000e+02,1.998000000000000000e+03
1.380000000000000000e+02,2.185000000000000000e+02,3.889000000000000000e+03
1.600000000000000000e+02,2.190000000000000000e+02,1.575800000000000000e+04
1.710000000000000000e+02,2.190000000000000000e+02,2.293000000000000000e+03
1.270000000000000000e+02,2.195000000000000000e+02,1.334000000000000000e+03
1.710000000000000000e+02,2.195000000000000000e+02,3.191100000000000000e+04
3.300000000000000000e+02,2.195000000000000000e+02,5.181000000000000000e+03
2.800000000000000000e+01,2.205000000000000000e+02,2.740000000000000000e+03
7.300000000000000000e+01,2.205000000000000000e+02,1.127000000000000000e+03
2.130000000000000000e+02,2.205000000000000000e+02,5.860000000000000000e+03
5.500000000000000000e+01,2.210000000000000000e+02,1.552000000000000000e+03
6.900000000000000000e+01,2.210000000000000000e+02,1.774000000000000000e+03
1.510000000000000000e+02,2.210000000000000000e+02,2.225000000000000000e+03
3.110000000000000000e+02,2.210000000000000000e+02,5.392000000000000000e+03
9.000000000000000000e+01,2.215000000000000000e+02,2.724000000000000000e+03
9.300000000000000000e+01,2.215000000000000000e+02,3.086000000000000000e+03
1.520000000000000000e+02,2.215000000000000000e+02,3.300000000000000000e+03
1.530000000000000000e+02,2.215000000000000000e+02,1.508000000000000000e+03
3.250000000000000000e+02,2.220000000000000000e+02,1.531000000000000000e+03
3.600000000000000000e+01,2.225000000000000000e+02,6.440000000000000000e+02
9.300000000000000000e+01,2.225000000000000000e+02,8.050000000000000000e+02
3.140000000000000000e+02,2.225000000000000000e+02,1.620000000000000000e+03
1.080000000000000000e+02,2.240000000000000000e+02,9.350000000000000000e+02
1.280000000000000000e+02,2.240000000000000000e+02,3.794000000000000000e+03
1.430000000000000000e+02,2.240000000000000000e+02,2.871000000000000000e+03
1.530000000000000000e+02,2.240000000000000000e+02,1.132000000000000000e+03
1.530000000000000000e+02,2.245000000000000000e+02,3.941000000000000000e+03
1.600000000000000000e+02,2.245000000000000000e+02,2.712600000000000000e+04
8.500000000000000000e+01,2.250000000000000000e+02,5.060000000000000000e+02
1.970000000000000000e+02,2.250000000000000000e+02,9.690000000000000000e+03
2.300000000000000000e+02,2.250000000000000000e+02,1.376000000000000000e+03
6.200000000000000000e+01,2.260000000000000000e+02,2.268000000000000000e+03
3.100000000000000000e+02,2.260000000000000000e+02,1.181000000000000000e+03
1.190000000000000000e+02,2.270000000000000000e+02,5.330000000000000000e+02
2.490000000000000000e+02,2.270000000000000000e+02,5.690000000000000000e+02
3.080000000000000000e+02,2.270000000000000000e+02,6.761000000000000000e+03
2.900000000000000000e+01,2.275000000000000000e+02,3.611000000000000000e+03
3.000000000000000000e+01,2.275000000000000000e+02,1.640000000000000000e+03
5.600000000000000000e+01,2.275000000000000000e+02,3.625000000000000000e+03
1.140000000000000000e+02,2.275000000000000000e+02,1.781000000000000000e+03
2.660000000000000000e+02,2.275000000000000000e+02,1.457000000000000000e+03
1.690000000000000000e+02,2.280000000000000000e+02,1.294000000000000000e+03
2.500000000000000000e+02,2.280000000000000000e+02,5.061000000000000000e+03
2.550000000000000000e+02,2.280000000000000000e+02,1.144000000000000000e+03
8.200000000000000000e+01,2.285000000000000000e+02,9.990000000000000000e+02
1.690000000000000000e+02,2.285000000000000000e+02,1.006200000000000000e+04
2.580000000000000000e+02,2.285000000000000000e+02,2.079000000000000000e+03
2.100000000000000000e+02,2.290000000000000000e+02,3.467000000000000000e+03
1.900000000000000000e+02,2.295000000000000000e+02,4.341000000000000000e+03
1.910000000000000000e+02,2.295000000000000000e+02,7.472000000000000000e+03
2.930000000000000000e+02,2.295000000000000000e+02,2.642000000000000000e+03
2.200000000000000000e+02,2.300000000000000000e+02,7.140000000000000000e+02
1.450000000000000000e+02,2.305000000000000000e+02,1.038700000000000000e+04
1.380000000000000000e+02,2.310000000000000000e+02,6.100000000000000000e+02
1.450000000000000000e+02,2.310000000000000000e+02,1.776000000000000000e+03
1.930000000000000000e+02,2.310000000000000000e+02,2.055000000000000000e+03
2.000000000000000000e+02,2.310000000000000000e+02,9.010000000000000000e+03
3.450000000000000000e+02,2.310000000000000000e+02,3.536000000000000000e+03
3.000000000000000000e+01,2.315000000000000000e+02,5.798000000000000000e+03
3.450000000000000000e+02,2.315000000000000000e+02,2.526000000000000000e+03
8.000000000000000000e+00,2.320000000000000000e+02,6.020000000000000000e+02
1.030000000000000000e+02,2.320000000000000000e+02,9.610000000000000000e+02
2.530000000000000000e+02,2.320000000000000000e+02,5.390000000000000000e+02
7.800000000000000000e+01,2.325000000000000000e+02,4.965000000000000000e+03
2.720000000000000000e+02,2.325000000000000000e+02,1.604000000000000000e+03
2.480000000000000000e+02,2.330000000000000000e+02,1.194000000000000000e+03
2.700000000000000000e+02,2.330000000000000000e+02,1.550000000000000000e+03
9.700000000000000000e+01,2.335000000000000000e+02,2.346000000000000000e+03
2.260000000000000000e+02,2.335000000000000000e+02,1.769000000000000000e+03
3.070000000000000000e+02,2.335000000000000000e+02,6.180000000000000000e+02
4.300000000000000000e+01,2.340000000000000000e+02,5.590000000000000000e+02
2.500000000000000000e+01,2.345000000000000000e+02,1.935000000000000000e+03
2.120000000000000000e+02,2.345000000000000000e+02,5.750000000000000000e+02
2.350000000000000000e+02,2.345000000000000000e+02,8.650000000000000000e+02
1.100000000000000000e+01,2.355000000000000000e+02,2.379800000000000000e+04
2.120000000000000000e+02,2.355000000000000000e+02,4.366000000000000000e+03
2.870000000000000000e+02,2.355000000000000000e+02,7.010000000000000000e+02
3.190000000000000000e+02,2.355000000000000000e+02,5.040000000000000000e+02
1.100000000000000000e+01,2.360000000000000000e+02,2.053000000000000000e+03
9.500000000000000000e+01,2.360000000000000000e+02,1.793000000000000000e+03
1.100000000000000000e+02,2.360000000000000000e+02,7.718000000000000000e+03
3.400000000000000000e+02,2.360000000000000000e+02,5.934000000000000000e+03
1.280000000000000000e+02,2.380000000000000000e+02,3.224000000000000000e+03
2.010000000000000000e+02,2.380000000000000000e+02,9.200000000000000000e+02
2.040000000000000000e+02,2.380000000000000000e+02,2.254000000000000000e+03
1.610000000000000000e+02,2.385000000000000000e+02,3.755000000000000000e+03
2.410000000000000000e+02,2.385000000000000000e+02,6.910000000000000000e+02
2.420000000000000000e+02,2.385000000000000000e+02,1.449000000000000000e+03
4.000000000000000000e+00,2.395000000000000000e+02,8.099000000000000000e+03
1.570000000000000000e+02,2.395000000000000000e+02,7.030000000000000000e+02
1.280000000000000000e+02,2.400000000000000000e+02,3.952000000000000000e+03
2.940000000000000000e+02,2.400000000000000000e+02,1.594000000000000000e+03
1.240000000000000000e+02,2.405000000000000000e+02,1.590000000000000000e+03
1.280000000000000000e+02,2.405000000000000000e+02,3.478000000000000000e+03
8.500000000000000000e+01,2.410000000000000000e+02,5.130000000000000000e+02
2.150000000000000000e+02,2.410000000000000000e+02,5.670000000000000000e+02
2.360000000000000000e+02,2.410000000000000000e+02,2.326000000000000000e+03
1.900000000000000000e+01,2.415000000000000000e+02,5.438000000000000000e+03
2.000000000000000000e+01,2.415000000000000000e+02,5.567000000000000000e+03
1.100000000000000000e+02,2.415000000000000000e+02,9.270000000000000000e+02
1.900000000000000000e+01,2.420000000000000000e+02,2.199000000000000000e+03
2.000000000000000000e+01,2.420000000000000000e+02,2.151000000000000000e+03
5.200000000000000000e+01,2.420000000000000000e+02,6.530000000000000000e+02
1.370000000000000000e+02,2.420000000000000000e+02,6.137000000000000000e+03
1.410000000000000000e+02,2.425000000000000000e+02,5.893000000000000000e+03
2.290000000000000000e+02,2.425000000000000000e+02,5.940000000000000000e+02
2.080000000000000000e+02,2.430000000000000000e+02,1.943000000000000000e+03
1.950000000000000000e+02,2.435000000000000000e+02,1.800000000000000000e+03
2.570000000000000000e+02,2.435000000000000000e+02,4.016000000000000000e+03
1.220000000000000000e+02,2.440000000000000000e+02,2.992000000000000000e+03
9.600000000000000000e+01,2.450000000000000000e+02,1.860000000000000000e+03
2.760000000000000000e+02,2.450000000000000000e+02,2.431000000000000000e+03
3.310000000000000000e+02,2.455000000000000000e+02,2.302000000000000000e+03
1.990000000000000000e+02,2.460000000000000000e+02,7.230000000000000000e+02
2.260000000000000000e+02,2.460000000000000000e+02,2.298000000000000000e+03
3.320000000000000000e+02,2.465000000000000000e+02,5.179000000000000000e+03
3.330000000000000000e+02,2.465000000000000000e+02,8.300000000000000000e+02
6.500000000000000000e+01,2.470000000000000000e+02,1.026000000000000000e+03
2.740000000000000000e+02,2.470000000000000000e+02,1.421000000000000000e+03
8.300000000000000000e+01,2.475000000000000000e+02,2.444000000000000000e+03
7.000000000000000000e+01,2.480000000000000000e+02,6.734000000000000000e+03
1.960000000000000000e+02,2.480000000000000000e+02,2.624000000000000000e+03
3.700000000000000000e+01,2.485000000000000000e+02,6.090000000000000000e+02
1.510000000000000000e+02,2.490000000000000000e+02,5.526000000000000000e+03
2.090000000000000000e+02,2.490000000000000000e+02,2.744000000000000000e+03
2.090000000000000000e+02,2.495000000000000000e+02,6.760000000000000000e+02
3.320000000000000000e+02,2.495000000000000000e+02,5.159000000000000000e+03
4.600000000000000000e+01,2.500000000000000000e+02,2.045000000000000000e+03
1.500000000000000000e+01,2.505000000000000000e+02,6.540000000000000000e+02
1.520000000000000000e+02,2.505000000000000000e+02,5.752000000000000000e+03
1.720000000000000000e+02,2.510000000000000000e+02,4.325000000000000000e+03
1.060000000000000000e+02,2.515000000000000000e+02,1.066000000000000000e+03
1.230000000000000000e+02,2.515000000000000000e+02,7.810000000000000000e+02
9.400000000000000000e+01,2.520000000000000000e+02,1.651000000000000000e+03
1.270000000000000000e+02,2.520000000000000000e+02,9.319000000000000000e+03
2.650000000000000000e+02,2.525000000000000000e+02,6.260000000000000000e+02
3.070000000000000000e+02,2.525000000000000000e+02,2.811000000000000000e+03
2.090000000000000000e+02,2.530000000000000000e+02,4.140000000000000000e+03
2.190000000000000000e+02,2.535000000000000000e+02,1.559000000000000000e+03
2.900000000000000000e+02,2.535000000000000000e+02,5.820000000000000000e+02
3.400000000000000000e+02,2.535000000000000000e+02,1.325300000000000000e+04
8.000000000000000000e+00,2.540000000000000000e+02,9.593000000000000000e+03
2.820000000000000000e+02,2.540000000000000000e+02,5.410000000000000000e+02
3.080000000000000000e+02,2.550000000000000000e+02,2.741000000000000000e+03
1.040000000000000000e+02,2.555000000000000000e+02,1.024000000000000000e+03
1.140000000000000000e+02,2.555000000000000000e+02,6.940000000000000000e+02
2.310000000000000000e+02,2.560000000000000000e+02,7.650000000000000000e+02
4.600000000000000000e+01,2.565000000000000000e+02,1.132000000000000000e+03
2.750000000000000000e+02,2.565000000000000000e+02,1.429000000000000000e+03
4.500000000000000000e+01,2.570000000000000000e+02,1.474000000000000000e+03
1.220000000000000000e+02,2.570000000000000000e+02,1.274000000000000000e+03
1.260000000000000000e+02,2.570000000000000000e+02,3.853000000000000000e+03
3.020000000000000000e+02,2.570000000000000000e+02,1.653000000000000000e+03
7.200000000000000000e+01,2.575000000000000000e+02,1.791000000000000000e+03
1.460000000000000000e+02,2.575000000000000000e+02,8.140000000000000000e+02
4.100000000000000000e+01,2.580000000000000000e+02,2.820000000000000000e+03
2.620000000000000000e+02,2.585000000000000000e+02,2.079000000000000000e+03
2.050000000000000000e+02,2.590000000000000000e+02,1.682000000000000000e+03
2.450000000000000000e+02,2.590000000000000000e+02,1.073000000000000000e+03
1.310000000000000000e+02,2.600000000000000000e+02,5.340000000000000000e+02
2.490000000000000000e+02,2.600000000000000000e+02,5.237000000000000000e+03
3.200000000000000000e+02,2.605000000000000000e+02,5.007000000000000000e+03
1.290000000000000000e+02,2.620000000000000000e+02,1.107000000000000000e+03
2.600000000000000000e+01,2.625000000000000000e+02,4.478000000000000000e+03
1.620000000000000000e+02,2.630000000000000000e+02,7.550000000000000000e+03
2.730000000000000000e+02,2.630000000000000000e+02,1.650000000000000000e+03
6.700000000000000000e+01,2.635000000000000000e+02,7.590000000000000000e+02
1.190000000000000000e+02,2.635000000000000000e+02,1.395000000000000000e+03
1.160000000000000000e+02,2.640000000000000000e+02,7.030000000000000000e+02
1.540000000000000000e+02,2.645000000000000000e+02,8.359000000000000000e+03
1.350000000000000000e+02,2.650000000000000000e+02,6.817000000000000000e+03
2.250000000000000000e+02,2.650000000000000000e+02,1.824000000000000000e+03
2.260000000000000000e+02,2.650000000000000000e+02,5.030000000000000000e+02
9.700000000000000000e+01,2.655000000000000000e+02,4.868000000000000000e+03
1.900000000000000000e+02,2.660000000000000000e+02,1.654000000000000000e+03
3.070000000000000000e+02,2.665000000000000000e+02,6.818000000000000000e+03
9.100000000000000000e+01,2.670000000000000000e+02,1.148000000000000000e+03
2.830000000000000000e+02,2.670000000000000000e+02,7.440000000000000000e+02
3.800000000000000000e+01,2.675000000000000000e+02,4.278000000000000000e+03
1.870000000000000000e+02,2.675000000000000000e+02,1.414000000000000000e+03
1.900000000000000000e+02,2.685000000000000000e+02,2.729100000000000000e+04
1.900000000000000000e+02,2.690000000000000000e+02,5.150000000000000000e+02
2.520000000000000000e+02,2.690000000000000000e+02,2.128000000000000000e+03
5.100000000000000000e+01,2.695000000000000000e+02,3.632000000000000000e+03
1.200000000000000000e+02,2.700000000000000000e+02,3.300000000000000000e+03
1.210000000000000000e+02,2.700000000000000000e+02,5.860000000000000000e+02
3.020000000000000000e+02,2.705000000000000000e+02,5.190000000000000000e+02
1.350000000000000000e+02,2.715000000000000000e+02,1.703000000000000000e+03
1.500000000000000000e+01,2.720000000000000000e+02,1.747800000000000000e+04
1.990000000000000000e+02,2.720000000000000000e+02,2.752000000000000000e+03
1.500000000000000000e+01,2.725000000000000000e+02,4.709000000000000000e+03
1.020000000000000000e+02,2.725000000000000000e+02,1.072000000000000000e+03
1.990000000000000000e+02,2.725000000000000000e+02,1.122400000000000000e+04
2.250000000000000000e+02,2.725000000000000000e+02,7.310000000000000000e+02
3.000000000000000000e+01,2.730000000000000000e+02,7.544000000000000000e+03
1.340000000000000000e+02,2.730000000000000000e+02,6.290000000000000000e+02
4.500000000000000000e+01,2.735000000000000000e+02,2.680000000000000000e+03
4.800000000000000000e+01,2.740000000000000000e+02,5.370000000000000000e+02
3.400000000000000000e+02,2.740000000000000000e+02,1.976000000000000000e+03
3.410000000000000000e+02,2.740000000000000000e+02,1.515000000000000000e+03
3.600000000000000000e+01,2.745000000000000000e+02,1.991000000000000000e+03
1.410000000000000000e+02,2.750000000000000000e+02,5.450000000000000000e+02
2.210000000000000000e+02,2.750000000000000000e+02,2.285000000000000000e+03
3.310000000000000000e+02,2.750000000000000000e+02,1.699000000000000000e+03
3.320000000000000000e+02,2.750000000000000000e+02,6.040000000000000000e+02
3.310000000000000000e+02,2.755000000000000000e+02,1.316000000000000000e+03
1.600000000000000000e+02,2.770000000000000000e+02,8.590000000000000000e+02
1.570000000000000000e+02,2.780000000000000000e+02,2.507000000000000000e+03
3.260000000000000000e+02,2.780000000000000000e+02,6.790000000000000000e+02
3.200000000000000000e+01,2.795000000000000000e+02,6.620000000000000000e+02
2.240000000000000000e+02,2.805000000000000000e+02,2.065000000000000000e+03
3.150000000000000000e+02,2.810000000000000000e+02,5.525000000000000000e+03
2.700000000000000000e+01,2.815000000000000000e+02,2.514000000000000000e+03
4.000000000000000000e+01,2.820000000000000000e+02,9.270000000000000000e+03
1.290000000000000000e+02,2.825000000000000000e+02,1.499000000000000000e+03
1.260000000000000000e+02,2.830000000000000000e+02,3.489000000000000000e+03
1.230000000000000000e+02,2.835000000000000000e+02,3.155000000000000000e+03
2.510000000000000000e+02,2.835000000000000000e+02,7.850000000000000000e+02
1.680000000000000000e+02,2.840000000000000000e+02,4.235000000000000000e+03
1.910000000000000000e+02,2.840000000000000000e+02,2.888700000000000000e+04
2.300000000000000000e+02,2.840000000000000000e+02,1.909000000000000000e+03
2.810000000000000000e+02,2.840000000000000000e+02,5.350000000000000000e+02
1.670000000000000000e+02,2.845000000000000000e+02,2.898000000000000000e+03
1.680000000000000000e+02,2.845000000000000000e+02,2.375400000000000000e+04
2.180000000000000000e+02,2.850000000000000000e+02,2.797000000000000000e+03
2.050000000000000000e+02,2.865000000000000000e+02,4.077000000000000000e+03
3.150000000000000000e+02,2.880000000000000000e+02,1.266000000000000000e+03
2.270000000000000000e+02,2.885000000000000000e+02,6.460000000000000000e+02
2.240000000000000000e+02,2.890000000000000000e+02,9.330000000000000000e+02
2.250000000000000000e+02,2.890000000000000000e+02,8.650000000000000000e+02
2.270000000000000000e+02,2.890000000000000000e+02,5.580000000000000000e+02
3.490000000000000000e+02,2.890000000000000000e+02,7.380000000000000000e+03
1.940000000000000000e+02,2.895000000000000000e+02,1.298000000000000000e+03
1.880000000000000000e+02,2.910000000000000000e+02,5.400000000000000000e+02
1.540000000000000000e+02,2.920000000000000000e+02,5.219000000000000000e+03
2.160000000000000000e+02,2.925000000000000000e+02,1.769000000000000000e+03
1.410000000000000000e+02,2.930000000000000000e+02,1.205500000000000000e+04
3.510000000000000000e+02,2.930000000000000000e+02,2.941100000000000000e+04
1.390000000000000000e+02,2.945000000000000000e+02,2.595000000000000000e+03
2.090000000000000000e+02,2.945000000000000000e+02,6.268000000000000000e+03
1.340000000000000000e+02,2.950000000000000000e+02,1.815000000000000000e+03
3.510000000000000000e+02,2.960000000000000000e+02,2.871000000000000000e+03
1.530000000000000000e+02,2.970000000000000000e+02,1.011900000000000000e+04
1.540000000000000000e+02,2.975000000000000000e+02,1.222300000000000000e+04
1.310000000000000000e+02,2.980000000000000000e+02,6.540000000000000000e+02
2.180000000000000000e+02,2.980000000000000000e+02,9.970000000000000000e+02
2.110000000000000000e+02,2.985000000000000000e+02,1.242000000000000000e+03
2.190000000000000000e+02,2.990000000000000000e+02,5.978000000000000000e+03
1.000000000000000000e+01,3.000000000000000000e+02,1.544000000000000000e+03
2.110000000000000000e+02,3.000000000000000000e+02,5.230000000000000000e+02
2.400000000000000000e+02,3.015000000000000000e+02,1.167000000000000000e+03
2.200000000000000000e+01,3.025000000000000000e+02,8.173000000000000000e+03
1.170000000000000000e+02,3.025000000000000000e+02,5.600000000000000000e+02
1.690000000000000000e+02,3.025000000000000000e+02,1.404800000000000000e+04
1.200000000000000000e+02,3.040000000000000000e+02,6.105000000000000000e+03
1.540000000000000000e+02,3.050000000000000000e+02,2.887000000000000000e+03
2.060000000000000000e+02,3.050000000000000000e+02,1.877000000000000000e+03
2.010000000000000000e+02,3.055000000000000000e+02,1.260000000000000000e+03
1.300000000000000000e+02,3.070000000000000000e+02,8.870000000000000000e+02
2.040000000000000000e+02,3.070000000000000000e+02,5.470000000000000000e+02
1.590000000000000000e+02,3.085000000000000000e+02,1.213200000000000000e+04
3.200000000000000000e+01,3.090000000000000000e+02,1.920000000000000000e+03
3.300000000000000000e+01,3.090000000000000000e+02,5.550000000000000000e+02
1.610000000000000000e+02,3.090000000000000000e+02,1.405000000000000000e+03
3.200000000000000000e+01,3.095000000000000000e+02,1.019000000000000000e+03
3.300000000000000000e+01,3.095000000000000000e+02,5.200000000000000000e+02
1.950000000000000000e+02,3.100000000000000000e+02,2.008100000000000000e+04
6.100000000000000000e+01,3.115000000000000000e+02,8.590000000000000000e+02
2.800000000000000000e+01,3.120000000000000000e+02,4.991000000000000000e+03
3.190000000000000000e+02,3.120000000000000000e+02,2.055000000000000000e+03
1.660000000000000000e+02,3.125000000000000000e+02,1.459000000000000000e+04
1.710000000000000000e+02,3.130000000000000000e+02,4.173000000000000000e+03
2.080000000000000000e+02,3.130000000000000000e+02,1.062000000000000000e+03
2.210000000000000000e+02,3.130000000000000000e+02,5.088000000000000000e+03
3.110000000000000000e+02,3.130000000000000000e+02,5.150000000000000000e+02
1.020000000000000000e+02,3.160000000000000000e+02,6.570000000000000000e+02
1.350000000000000000e+02,3.160000000000000000e+02,5.060000000000000000e+03
1.290000000000000000e+02,3.165000000000000000e+02,2.666000000000000000e+03
1.870000000000000000e+02,3.165000000000000000e+02,8.255000000000000000e+03
1.880000000000000000e+02,3.165000000000000000e+02,2.312000000000000000e+03
1.460000000000000000e+02,3.170000000000000000e+02,1.684000000000000000e+03
2.200000000000000000e+02,3.175000000000000000e+02,1.182000000000000000e+03
1.830000000000000000e+02,3.185000000000000000e+02,2.940000000000000000e+03
3.340000000000000000e+02,3.185000000000000000e+02,4.554000000000000000e+03
1.830000000000000000e+02,3.190000000000000000e+02,1.562100000000000000e+04
1.830000000000000000e+02,3.195000000000000000e+02,2.774100000000000000e+04
1.570000000000000000e+02,3.200000000000000000e+02,3.599000000000000000e+03
2.010000000000000000e+02,3.200000000000000000e+02,2.796000000000000000e+03
1.420000000000000000e+02,3.205000000000000000e+02,5.560000000000000000e+02
1.430000000000000000e+02,3.205000000000000000e+02,5.940000000000000000e+02
2.220000000000000000e+02,3.215000000000000000e+02,1.054000000000000000e+03
1.480000000000000000e+02,3.235000000000000000e+02,3.960000000000000000e+03
2.400000000000000000e+02,3.240000000000000000e+02,6.920000000000000000e+02
1.410000000000000000e+02,3.245000000000000000e+02,1.236000000000000000e+03
1.410000000000000000e+02,3.250000000000000000e+02,1.123000000000000000e+03
1.530000000000000000e+02,3.270000000000000000e+02,7.427000000000000000e+03
1.540000000000000000e+02,3.270000000000000000e+02,1.822000000000000000e+03
1.470000000000000000e+02,3.290000000000000000e+02,7.312000000000000000e+03
2.120000000000000000e+02,3.290000000000000000e+02,4.156000000000000000e+03
2.020000000000000000e+02,3.300000000000000000e+02,7.033000000000000000e+03
2.290000000000000000e+02,3.315000000000000000e+02,1.116000000000000000e+03
1.360000000000000000e+02,3.320000000000000000e+02,5.240000000000000000e+02
1.680000000000000000e+02,3.325000000000000000e+02,1.602400000000000000e+04
1.830000000000000000e+02,3.330000000000000000e+02,8.980000000000000000e+02
1.840000000000000000e+02,3.330000000000000000e+02,2.194000000000000000e+03
1.830000000000000000e+02,3.335000000000000000e+02,4.351000000000000000e+03
1.840000000000000000e+02,3.335000000000000000e+02,5.377000000000000000e+03
1.690000000000000000e+02,3.340000000000000000e+02,6.530000000000000000e+02
1.550000000000000000e+02,3.350000000000000000e+02,3.798000000000000000e+03
2.070000000000000000e+02,3.350000000000000000e+02,4.661000000000000000e+03
1.530000000000000000e+02,3.360000000000000000e+02,5.436000000000000000e+03
3.900000000000000000e+01,3.365000000000000000e+02,1.674000000000000000e+03
5.400000000000000000e+01,3.370000000000000000e+02,5.537000000000000000e+03
1.300000000000000000e+02,3.370000000000000000e+02,5.570000000000000000e+02
2.170000000000000000e+02,3.370000000000000000e+02,3.784000000000000000e+03
3.260000000000000000e+02,3.375000000000000000e+02,1.837000000000000000e+03
3.220000000000000000e+02,3.390000000000000000e+02,1.733000000000000000e+03
1.080000000000000000e+02,3.395000000000000000e+02,1.154000000000000000e+03
1.090000000000000000e+02,3.395000000000000000e+02,2.347000000000000000e+03
3.220000000000000000e+02,3.395000000000000000e+02,5.050000000000000000e+02
3.470000000000000000e+02,3.395000000000000000e+02,2.407800000000000000e+04
3.480000000000000000e+02,3.395000000000000000e+02,3.896000000000000000e+03
9.800000000000000000e+01,3.400000000000000000e+02,6.360000000000000000e+02
1.910000000000000000e+02,3.405000000000000000e+02,7.993000000000000000e+03
1.130000000000000000e+02,3.410000000000000000e+02,1.346000000000000000e+03
1.210000000000000000e+02,3.415000000000000000e+02,5.939000000000000000e+03
1.350000000000000000e+02,3.430000000000000000e+02,4.139000000000000000e+03
1.520000000000000000e+02,3.430000000000000000e+02,2.193000000000000000e+03
3.210000000000000000e+02,3.430000000000000000e+02,3.885000000000000000e+03
1.370000000000000000e+02,3.440000000000000000e+02,2.548000000000000000e+03
1.590000000000000000e+02,3.445000000000000000e+02,1.477000000000000000e+04
1.600000000000000000e+02,3.445000000000000000e+02,1.324000000000000000e+03
4.900000000000000000e+01,3.455000000000000000e+02,1.980000000000000000e+03
1.120000000000000000e+02,3.460000000000000000e+02,5.066000000000000000e+03
2.180000000000000000e+02,3.460000000000000000e+02,1.293000000000000000e+03
2.320000000000000000e+02,3.465000000000000000e+02,1.076000000000000000e+03
3.410000000000000000e+02,3.465000000000000000e+02,1.154000000000000000e+03
1.950000000000000000e+02,3.470000000000000000e+02,1.447900000000000000e+04
6.700000000000000000e+01,3.480000000000000000e+02,7.400000000000000000e+02
1.360000000000000000e+02,3.480000000000000000e+02,5.241000000000000000e+03
2.060000000000000000e+02,3.480000000000000000e+02,5.210000000000000000e+02
3.200000000000000000e+01,3.495000000000000000e+02,6.080000000000000000e+02
2.800000000000000000e+01,3.500000000000000000e+02,2.618000000000000000e+03
5.200000000000000000e+01,3.505000000000000000e+02,6.140000000000000000e+02
2.340000000000000000e+02,3.505000000000000000e+02,4.480000000000000000e+03
3.370000000000000000e+02,3.505000000000000000e+02,5.890000000000000000e+02
3.370000000000000000e+02,3.510000000000000000e+02,7.070000000000000000e+02
1.020000000000000000e+02,3.525000000000000000e+02,1.180000000000000000e+03
1.890000000000000000e+02,3.530000000000000000e+02,6.970000000000000000e+02
1.900000000000000000e+02,3.530000000000000000e+02,8.530000000000000000e+02
3.600000000000000000e+01,3.535000000000000000e+02,3.840000000000000000e+03
3.700000000000000000e+01,3.535000000000000000e+02,1.658000000000000000e+03
5.300000000000000000e+01,3.535000000000000000e+02,5.810000000000000000e+02
5.400000000000000000e+01,3.535000000000000000e+02,1.475000000000000000e+03
8.000000000000000000e+01,3.535000000000000000e+02,1.988000000000000000e+03
2.180000000000000000e+02,3.540000000000000000e+02,9.920000000000000000e+02
2.190000000000000000e+02,3.540000000000000000e+02,6.350000000000000000e+02
1.370000000000000000e+02,3.545000000000000000e+02,3.312000000000000000e+03
2.010000000000000000e+02,3.545000000000000000e+02,6.050000000000000000e+02
6.100000000000000000e+01,3.550000000000000000e+02,9.800000000000000000e+02
6.200000000000000000e+01,3.550000000000000000e+02,3.778000000000000000e+03
3.000000000000000000e+02,3.550000000000000000e+02,7.480000000000000000e+02
3.010000000000000000e+02,3.550000000000000000e+02,4.264000000000000000e+03
2.910000000000000000e+02,3.580000000000000000e+02,9.440000000000000000e+02
2.920000000000000000e+02,3.580000000000000000e+02,2.618000000000000000e+03
1.340000000000000000e+02,3.590000000000000000e+02,2.175000000000000000e+03
4.100000000000000000e+01,3.595000000000000000e+02,2.522000000000000000e+03
